t_ns,t_s,goal_x,goal_y,goal_z
1772565602204951875,0.0,8.248567581176758,6.345767498016357,0.0
1772565602704801848,0.499849984,8.248567581176758,6.345767498016357,0.0
1772565603204928811,0.99997696,8.248567581176758,6.345767498016357,0.0
1772565603704906192,1.499954432,8.248567581176758,6.345767498016357,0.0
1772565604204868350,1.999916544,8.248567581176758,6.345767498016357,0.0
1772565604704871094,2.49991936,8.248567581176758,6.345767498016357,0.0
1772565605204789448,2.999837696,8.248567581176758,6.345767498016357,0.0
1772565605704861521,3.499909632,8.248567581176758,6.345767498016357,0.0
1772565606204793521,3.999841792,8.248567581176758,6.345767498016357,0.0
1772565606706459119,4.501507328,8.248567581176758,6.345767498016357,0.0
1772565607204774416,4.999822592,8.248567581176758,6.345767498016357,0.0
1772565607704828891,5.49987712,8.248567581176758,6.345767498016357,0.0
1772565608204866245,5.999914496,8.248567581176758,6.345767498016357,0.0
1772565608704827031,6.499875328,8.248567581176758,6.345767498016357,0.0
1772565609205483716,7.000531968,8.248567581176758,6.345767498016357,0.0
1772565609704894925,7.499943168,8.248567581176758,6.345767498016357,0.0
1772565610204864899,7.999913216,8.248567581176758,6.345767498016357,0.0
1772565610704843468,8.499891712,8.248567581176758,6.345767498016357,0.0
1772565611205840973,9.000889088,8.248567581176758,6.345767498016357,0.0
1772565611704746764,9.499794944,8.248567581176758,6.345767498016357,0.0
1772565612204892839,9.99994112,8.248567581176758,6.345767498016357,0.0
1772565612704819337,10.499867648,8.248567581176758,6.345767498016357,0.0
1772565613205329953,11.000378112,8.248567581176758,6.345767498016357,0.0
1772565613704900681,11.4999488,8.248567581176758,6.345767498016357,0.0
1772565614204842070,11.999890176,8.248567581176758,6.345767498016357,0.0
1772565614704767799,12.499815936,8.248567581176758,6.345767498016357,0.0
1772565615204919510,12.999967744,8.248567581176758,6.345767498016357,0.0
1772565615704765532,13.499813632,8.248567581176758,6.345767498016357,0.0
1772565616204773446,13.999821568,8.248567581176758,6.345767498016357,0.0
1772565616704840196,14.499888384,8.248567581176758,6.345767498016357,0.0
1772565617204749829,14.999798016,8.248567581176758,6.345767498016357,0.0
1772565617704854620,15.49990272,8.248567581176758,6.345767498016357,0.0
1772565618204776656,15.999824896,8.248567581176758,6.345767498016357,0.0
1772565618704788815,16.499836928,8.248567581176758,6.345767498016357,0.0
1772565619204720610,16.999768832,8.248567581176758,6.345767498016357,0.0
1772565619704897896,17.499945984,8.248567581176758,6.345767498016357,0.0
1772565620205609212,18.000657408,8.248567581176758,6.345767498016357,0.0
1772565620704980050,18.50002816,8.248567581176758,6.345767498016357,0.0
1772565621204858920,18.999907072,8.248567581176758,6.345767498016357,0.0
1772565621704810771,19.499858944,8.248567581176758,6.345767498016357,0.0
1772565622204698607,19.999746816,8.248567581176758,6.345767498016357,0.0
1772565622704779020,20.4998272,8.248567581176758,6.345767498016357,0.0
1772565623204781802,20.999830016,8.248567581176758,6.345767498016357,0.0
1772565623624766041,21.419814144,-4.710466384887695,-2.3935983180999756,0.0
1772565623704802495,21.499850752,-4.710466384887695,-2.3935983180999756,0.0
1772565624204813121,21.999861248,-4.710466384887695,-2.3935983180999756,0.0
1772565624704762802,22.499811072,-4.710466384887695,-2.3935983180999756,0.0
1772565625204717526,22.99976576,-4.710466384887695,-2.3935983180999756,0.0
1772565625704797355,23.499845632,-4.710466384887695,-2.3935983180999756,0.0
1772565626204796127,23.999844352,-4.710466384887695,-2.3935983180999756,0.0
1772565626704774239,24.499822336,-4.710466384887695,-2.3935983180999756,0.0
1772565627204831277,24.999879424,-4.710466384887695,-2.3935983180999756,0.0
1772565627705002848,25.500050944,-4.710466384887695,-2.3935983180999756,0.0
1772565628204863241,25.999911424,-4.710466384887695,-2.3935983180999756,0.0
1772565628704826875,26.499875072,-4.710466384887695,-2.3935983180999756,0.0
1772565629204836494,26.9998848,-4.710466384887695,-2.3935983180999756,0.0
1772565629704787911,27.49983616,-4.710466384887695,-2.3935983180999756,0.0
1772565630204806738,27.999854848,-4.710466384887695,-2.3935983180999756,0.0
1772565630704837688,28.499885824,-4.710466384887695,-2.3935983180999756,0.0
1772565631204873335,28.999921408,-4.710466384887695,-2.3935983180999756,0.0
1772565631704740879,29.499789056,-4.710466384887695,-2.3935983180999756,0.0
1772565632204822272,29.999870464,-4.710466384887695,-2.3935983180999756,0.0
1772565632705266251,30.500314368,-4.710466384887695,-2.3935983180999756,0.0
1772565633206798478,31.001846784,-4.710466384887695,-2.3935983180999756,0.0
1772565633704838182,31.499886336,-4.710466384887695,-2.3935983180999756,0.0
1772565634204800946,31.999849216,-4.710466384887695,-2.3935983180999756,0.0
1772565634704778706,32.499826944,-4.710466384887695,-2.3935983180999756,0.0
1772565635204860872,32.99990912,-4.710466384887695,-2.3935983180999756,0.0
1772565635704869845,33.49991808,-4.710466384887695,-2.3935983180999756,0.0
1772565636204847015,33.999895296,-4.710466384887695,-2.3935983180999756,0.0
1772565636704820868,34.499869184,-4.710466384887695,-2.3935983180999756,0.0
1772565637204774105,34.999822336,-4.710466384887695,-2.3935983180999756,0.0
1772565637704727039,35.499775232,-4.710466384887695,-2.3935983180999756,0.0
1772565638204837054,35.999885312,-4.710466384887695,-2.3935983180999756,0.0
1772565638704835791,36.499884032,-4.710466384887695,-2.3935983180999756,0.0
1772565639207483405,37.002531584,-4.710466384887695,-2.3935983180999756,0.0
1772565639704769170,37.499817472,-4.710466384887695,-2.3935983180999756,0.0
1772565640204869271,37.999917568,-4.710466384887695,-2.3935983180999756,0.0
1772565640704820307,38.499868416,-4.710466384887695,-2.3935983180999756,0.0
1772565641204788210,38.999836416,-4.710466384887695,-2.3935983180999756,0.0
1772565641706647256,39.501695488,-4.710466384887695,-2.3935983180999756,0.0
1772565642204763422,39.999811584,-4.710466384887695,-2.3935983180999756,0.0
1772565642704784578,40.499832832,-4.710466384887695,-2.3935983180999756,0.0
1772565643205195823,41.000243968,-4.710466384887695,-2.3935983180999756,0.0
1772565643704850244,41.499898368,-4.710466384887695,-2.3935983180999756,0.0
1772565644204776677,41.999824896,-4.710466384887695,-2.3935983180999756,0.0
1772565644704883180,42.499931392,-4.710466384887695,-2.3935983180999756,0.0
1772565645204795290,42.999843584,-4.710466384887695,-2.3935983180999756,0.0
1772565645704782806,43.49983104,-4.710466384887695,-2.3935983180999756,0.0
1772565646205173562,44.000221696,-4.710466384887695,-2.3935983180999756,0.0
1772565646704780468,44.499828736,-4.710466384887695,-2.3935983180999756,0.0
1772565647204947452,44.999995648,-4.710466384887695,-2.3935983180999756,0.0
1772565647705916536,45.500964608,-4.710466384887695,-2.3935983180999756,0.0
1772565648204879349,45.999927552,-4.710466384887695,-2.3935983180999756,0.0
1772565648704769994,46.49981824,-4.710466384887695,-2.3935983180999756,0.0
1772565649204842309,46.999890432,-4.710466384887695,-2.3935983180999756,0.0
1772565649625914664,47.420962816,3.72902774810791,-12.193548202514648,0.0
1772565649704841497,47.499889664,3.72902774810791,-12.193548202514648,0.0
1772565650204738005,47.99978624,3.72902774810791,-12.193548202514648,0.0
1772565650704790776,48.499838976,3.72902774810791,-12.193548202514648,0.0
1772565651204778285,48.999826432,3.72902774810791,-12.193548202514648,0.0
1772565651704906285,49.499954432,3.72902774810791,-12.193548202514648,0.0
1772565652204805406,49.999853568,3.72902774810791,-12.193548202514648,0.0
1772565652704868653,50.4999168,3.72902774810791,-12.193548202514648,0.0
1772565653204765318,50.999813632,3.72902774810791,-12.193548202514648,0.0
1772565653704940056,51.499988224,3.72902774810791,-12.193548202514648,0.0
1772565654204804217,51.999852288,3.72902774810791,-12.193548202514648,0.0
1772565654704897403,52.499945472,3.72902774810791,-12.193548202514648,0.0
1772565655204793036,52.99984128,3.72902774810791,-12.193548202514648,0.0
1772565655706427627,53.50147584,3.72902774810791,-12.193548202514648,0.0
1772565656204852214,53.999900416,3.72902774810791,-12.193548202514648,0.0
1772565656704860234,54.499908352,3.72902774810791,-12.193548202514648,0.0
1772565657204836487,54.9998848,3.72902774810791,-12.193548202514648,0.0
1772565657704867721,55.499916032,3.72902774810791,-12.193548202514648,0.0
1772565658204924033,55.999972352,3.72902774810791,-12.193548202514648,0.0
1772565658704864774,56.49991296,3.72902774810791,-12.193548202514648,0.0
1772565659206317196,57.001365504,3.72902774810791,-12.193548202514648,0.0
1772565659704850290,57.499898368,3.72902774810791,-12.193548202514648,0.0
1772565660204781520,57.99982976,3.72902774810791,-12.193548202514648,0.0
1772565660704815811,58.499864064,3.72902774810791,-12.193548202514648,0.0
1772565661205015913,59.000064,3.72902774810791,-12.193548202514648,0.0
1772565661704809206,59.499857408,3.72902774810791,-12.193548202514648,0.0
1772565662204786764,59.99983488,3.72902774810791,-12.193548202514648,0.0
1772565662704698579,60.499746816,3.72902774810791,-12.193548202514648,0.0
1772565663206451233,61.001499392,3.72902774810791,-12.193548202514648,0.0
1772565663704789063,61.499837184,3.72902774810791,-12.193548202514648,0.0
1772565664204728220,61.999776512,3.72902774810791,-12.193548202514648,0.0
1772565664704882253,62.499930368,3.72902774810791,-12.193548202514648,0.0
1772565665204898668,62.999946752,3.72902774810791,-12.193548202514648,0.0
1772565665706056916,63.501105152,3.72902774810791,-12.193548202514648,0.0
1772565666204806349,63.999854592,3.72902774810791,-12.193548202514648,0.0
1772565666704781645,64.49982976,3.72902774810791,-12.193548202514648,0.0
1772565667205232783,65.000281088,3.72902774810791,-12.193548202514648,0.0
1772565667704807089,65.49985536,3.72902774810791,-12.193548202514648,0.0
1772565668204771745,65.999820032,3.72902774810791,-12.193548202514648,0.0
1772565668704792486,66.499840768,3.72902774810791,-12.193548202514648,0.0
1772565669024449925,66.81949824,3.7300100326538086,-28.46210479736328,0.0
1772565669204727712,66.999776,3.7300100326538086,-28.46210479736328,0.0
1772565669704816472,67.499864576,3.7300100326538086,-28.46210479736328,0.0
1772565670205325559,68.00037376,3.7300100326538086,-28.46210479736328,0.0
1772565670706018502,68.501066752,3.7300100326538086,-28.46210479736328,0.0
1772565671205928413,69.00097664,3.7300100326538086,-28.46210479736328,0.0
1772565671704855583,69.499903744,3.7300100326538086,-28.46210479736328,0.0
1772565672204988489,70.000036608,3.7300100326538086,-28.46210479736328,0.0
1772565672704918994,70.499967232,3.7300100326538086,-28.46210479736328,0.0
1772565673205419728,71.000467968,3.7300100326538086,-28.46210479736328,0.0
1772565673704846809,71.49989504,3.7300100326538086,-28.46210479736328,0.0
1772565674204900462,71.999948544,3.7300100326538086,-28.46210479736328,0.0
1772565674704876880,72.499924992,3.7300100326538086,-28.46210479736328,0.0
1772565675204886953,72.999935232,3.7300100326538086,-28.46210479736328,0.0
1772565675704860203,73.499908352,3.7300100326538086,-28.46210479736328,0.0
1772565676204822581,73.99987072,3.7300100326538086,-28.46210479736328,0.0
1772565676704812891,74.499860992,3.7300100326538086,-28.46210479736328,0.0
1772565677204739601,74.999787776,3.7300100326538086,-28.46210479736328,0.0
1772565677705832995,75.500881152,3.7300100326538086,-28.46210479736328,0.0
1772565678204776656,75.999824896,3.7300100326538086,-28.46210479736328,0.0
1772565678704868280,76.499916544,3.7300100326538086,-28.46210479736328,0.0
1772565679204746163,76.999794432,3.7300100326538086,-28.46210479736328,0.0
1772565679704792330,77.499840512,3.7300100326538086,-28.46210479736328,0.0
1772565680204829618,77.999877888,3.7300100326538086,-28.46210479736328,0.0
1772565680704781445,78.49982976,3.7300100326538086,-28.46210479736328,0.0
1772565681204845909,78.999894016,3.7300100326538086,-28.46210479736328,0.0
1772565681704840691,79.499888896,3.7300100326538086,-28.46210479736328,0.0
1772565682204798144,79.9998464,3.7300100326538086,-28.46210479736328,0.0
1772565682704833877,80.499881984,3.7300100326538086,-28.46210479736328,0.0
1772565683204871580,80.999919872,3.7300100326538086,-28.46210479736328,0.0
1772565683704924759,81.499972864,3.7300100326538086,-28.46210479736328,0.0
1772565684204786602,81.99983488,3.7300100326538086,-28.46210479736328,0.0
1772565684704867066,82.499915264,3.7300100326538086,-28.46210479736328,0.0
1772565685204777622,82.99982592,3.7300100326538086,-28.46210479736328,0.0
1772565685704891910,83.499940096,3.7300100326538086,-28.46210479736328,0.0
1772565686204834049,83.99988224,3.7300100326538086,-28.46210479736328,0.0
1772565686704882571,84.49993088,3.7300100326538086,-28.46210479736328,0.0
1772565687204818963,84.999867136,3.7300100326538086,-28.46210479736328,0.0
1772565687704839907,85.499888128,3.7300100326538086,-28.46210479736328,0.0
1772565688204811293,85.999859456,3.7300100326538086,-28.46210479736328,0.0
1772565688704801098,86.499849216,3.7300100326538086,-28.46210479736328,0.0
1772565689204812203,86.99986048,3.7300100326538086,-28.46210479736328,0.0
1772565689704812592,87.499860736,3.7300100326538086,-28.46210479736328,0.0
1772565690204799070,87.999847168,3.7300100326538086,-28.46210479736328,0.0
1772565690704768062,88.499816192,3.7300100326538086,-28.46210479736328,0.0
1772565691204820250,88.999868416,3.7300100326538086,-28.46210479736328,0.0
1772565691704836534,89.4998848,3.7300100326538086,-28.46210479736328,0.0
1772565692204844089,89.999892224,3.7300100326538086,-28.46210479736328,0.0
1772565692704841877,90.499890176,3.7300100326538086,-28.46210479736328,0.0
1772565693204835782,90.999884032,3.7300100326538086,-28.46210479736328,0.0
1772565693704822715,91.499870976,3.7300100326538086,-28.46210479736328,0.0
1772565694204726495,91.99977472,3.7300100326538086,-28.46210479736328,0.0
1772565694704804287,92.499852544,3.7300100326538086,-28.46210479736328,0.0
1772565695204883301,92.999931392,3.7300100326538086,-28.46210479736328,0.0
1772565695704809315,93.499857408,3.7300100326538086,-28.46210479736328,0.0
1772565696204791321,93.999839488,3.7300100326538086,-28.46210479736328,0.0
1772565696704808943,94.499857152,3.7300100326538086,-28.46210479736328,0.0
1772565697204847286,94.999895552,3.7300100326538086,-28.46210479736328,0.0
1772565697704796495,95.499844608,3.7300100326538086,-28.46210479736328,0.0
1772565698024396297,95.81944448,-10.581206321716309,-8.337650299072266,0.0
1772565698204849534,95.9998976,-10.581206321716309,-8.337650299072266,0.0
1772565698704807606,96.499855872,-10.581206321716309,-8.337650299072266,0.0
1772565699204894207,96.9999424,-10.581206321716309,-8.337650299072266,0.0
1772565699704904164,97.499952384,-10.581206321716309,-8.337650299072266,0.0
1772565700204797166,97.999845376,-10.581206321716309,-8.337650299072266,0.0
1772565700705532837,98.50058112,-10.581206321716309,-8.337650299072266,0.0
1772565701204835678,98.999883776,-10.581206321716309,-8.337650299072266,0.0
1772565701704880927,99.499929088,-10.581206321716309,-8.337650299072266,0.0
1772565702204994894,100.000043008,-10.581206321716309,-8.337650299072266,0.0
1772565702704745280,100.499793408,-10.581206321716309,-8.337650299072266,0.0
1772565703204848173,100.99989632,-10.581206321716309,-8.337650299072266,0.0
1772565703705584871,101.500633088,-10.581206321716309,-8.337650299072266,0.0
1772565704204806220,101.999854336,-10.581206321716309,-8.337650299072266,0.0
1772565704704815330,102.499863552,-10.581206321716309,-8.337650299072266,0.0
1772565705204780006,102.999828224,-10.581206321716309,-8.337650299072266,0.0
1772565705706039534,103.501087744,-10.581206321716309,-8.337650299072266,0.0
1772565706204757666,103.999805952,-10.581206321716309,-8.337650299072266,0.0
1772565706704794804,104.499843072,-10.581206321716309,-8.337650299072266,0.0
1772565707204728729,104.999777024,-10.581206321716309,-8.337650299072266,0.0
1772565707704853278,105.49990144,-10.581206321716309,-8.337650299072266,0.0
1772565708204916470,105.999964672,-10.581206321716309,-8.337650299072266,0.0
1772565708704745798,106.49979392,-10.581206321716309,-8.337650299072266,0.0
1772565709204731414,106.999779584,-10.581206321716309,-8.337650299072266,0.0
1772565709704786548,107.499834624,-10.581206321716309,-8.337650299072266,0.0
1772565710204842211,107.999890432,-10.581206321716309,-8.337650299072266,0.0
1772565710704811592,108.499859712,-10.581206321716309,-8.337650299072266,0.0
1772565711204962933,109.000011008,-10.581206321716309,-8.337650299072266,0.0
1772565711704848573,109.499896832,-10.581206321716309,-8.337650299072266,0.0
1772565712204824889,109.999873024,-10.581206321716309,-8.337650299072266,0.0
1772565712705597708,110.500645888,-10.581206321716309,-8.337650299072266,0.0
1772565713204802019,110.99985024,-10.581206321716309,-8.337650299072266,0.0
1772565713704791029,111.499839232,-10.581206321716309,-8.337650299072266,0.0
1772565714204798844,111.999846912,-10.581206321716309,-8.337650299072266,0.0
1772565714704821703,112.499869952,-10.581206321716309,-8.337650299072266,0.0
1772565715204905892,112.999954176,-10.581206321716309,-8.337650299072266,0.0
1772565715704807300,113.499855616,-10.581206321716309,-8.337650299072266,0.0
1772565716204749290,113.999797504,-10.581206321716309,-8.337650299072266,0.0
1772565716704864373,114.499912448,-10.581206321716309,-8.337650299072266,0.0
1772565717204780817,114.999828992,-10.581206321716309,-8.337650299072266,0.0
1772565717704776096,115.499824384,-10.581206321716309,-8.337650299072266,0.0
1772565718204779622,115.999827712,-10.581206321716309,-8.337650299072266,0.0
1772565718704762955,116.499811072,-10.581206321716309,-8.337650299072266,0.0
1772565719204768513,116.999816704,-10.581206321716309,-8.337650299072266,0.0
1772565719704834428,117.499882496,-10.581206321716309,-8.337650299072266,0.0
1772565720204933684,117.999981824,-10.581206321716309,-8.337650299072266,0.0
1772565720704753722,118.499801856,-10.581206321716309,-8.337650299072266,0.0
1772565721204842978,118.9998912,-10.581206321716309,-8.337650299072266,0.0
1772565721704937167,119.499985408,-10.581206321716309,-8.337650299072266,0.0
1772565722204873726,119.99992192,-10.581206321716309,-8.337650299072266,0.0
1772565722705353586,120.500401664,-10.581206321716309,-8.337650299072266,0.0
1772565723204835372,120.99988352,-10.581206321716309,-8.337650299072266,0.0
1772565723704916899,121.499965184,-10.581206321716309,-8.337650299072266,0.0
1772565724204868985,121.999917056,-10.581206321716309,-8.337650299072266,0.0
1772565724704814805,122.49986304,-10.581206321716309,-8.337650299072266,0.0
1772565725204808421,122.99985664,-10.581206321716309,-8.337650299072266,0.0
1772565725704842962,123.4998912,-10.581206321716309,-8.337650299072266,0.0
1772565726204875348,123.999923456,-10.581206321716309,-8.337650299072266,0.0
1772565726704825721,124.499873792,-10.581206321716309,-8.337650299072266,0.0
1772565727204859261,124.999907328,-10.581206321716309,-8.337650299072266,0.0
1772565727704788318,125.499836416,-10.581206321716309,-8.337650299072266,0.0
1772565727924125288,125.719173376,-10.546756744384766,4.47826623916626,0.0
1772565728204784699,125.999832832,-10.546756744384766,4.47826623916626,0.0
1772565728706203881,126.501252096,-10.546756744384766,4.47826623916626,0.0
1772565729207071570,127.00211968,-10.546756744384766,4.47826623916626,0.0
1772565729704905085,127.499953152,-10.546756744384766,4.47826623916626,0.0
1772565730204881722,127.999929856,-10.546756744384766,4.47826623916626,0.0
1772565730704821255,128.49986944,-10.546756744384766,4.47826623916626,0.0
1772565731204860021,128.999908096,-10.546756744384766,4.47826623916626,0.0
1772565731704806816,129.499855104,-10.546756744384766,4.47826623916626,0.0
1772565732204841887,129.999890176,-10.546756744384766,4.47826623916626,0.0
1772565732704766648,130.499814912,-10.546756744384766,4.47826623916626,0.0
1772565733204800925,130.999849216,-10.546756744384766,4.47826623916626,0.0
1772565733704828412,131.499876608,-10.546756744384766,4.47826623916626,0.0
1772565734204729969,131.999778048,-10.546756744384766,4.47826623916626,0.0
1772565734704818269,132.499866368,-10.546756744384766,4.47826623916626,0.0
1772565735204872931,132.999921152,-10.546756744384766,4.47826623916626,0.0
1772565735706131373,133.501179648,-10.546756744384766,4.47826623916626,0.0
1772565736204910350,133.999958528,-10.546756744384766,4.47826623916626,0.0
1772565736704856284,134.499904512,-10.546756744384766,4.47826623916626,0.0
1772565737204793756,134.999842048,-10.546756744384766,4.47826623916626,0.0
1772565737704871256,135.49991936,-10.546756744384766,4.47826623916626,0.0
1772565738204809720,135.99985792,-10.546756744384766,4.47826623916626,0.0
1772565738704805729,136.499853824,-10.546756744384766,4.47826623916626,0.0
1772565739204790220,136.999838464,-10.546756744384766,4.47826623916626,0.0
1772565739704861056,137.499909376,-10.546756744384766,4.47826623916626,0.0
1772565740204810496,137.999858688,-10.546756744384766,4.47826623916626,0.0
1772565740704874546,138.499922688,-10.546756744384766,4.47826623916626,0.0
1772565741206691871,139.001740032,-10.546756744384766,4.47826623916626,0.0
1772565741704832531,139.499880704,-10.546756744384766,4.47826623916626,0.0
1772565742204845278,139.999893504,-10.546756744384766,4.47826623916626,0.0
1772565742704832463,140.499880704,-10.546756744384766,4.47826623916626,0.0
1772565743204852272,140.999900416,-10.546756744384766,4.47826623916626,0.0
1772565743704926417,141.499974656,-10.546756744384766,4.47826623916626,0.0
1772565744204829438,141.999877632,-10.546756744384766,4.47826623916626,0.0
1772565744704848903,142.499897088,-10.546756744384766,4.47826623916626,0.0
1772565745204805812,142.99985408,-10.546756744384766,4.47826623916626,0.0
1772565745704770592,143.499818752,-10.546756744384766,4.47826623916626,0.0
1772565746204868116,143.999916288,-10.546756744384766,4.47826623916626,0.0
1772565746224053542,144.019101696,-28.0,-16.0,0.0
1772565746704844501,144.499892736,-28.0,-16.0,0.0
1772565747205101205,145.000149504,-28.0,-16.0,0.0
1772565747705418565,145.500466688,-28.0,-16.0,0.0
1772565748204723573,145.999771648,-28.0,-16.0,0.0
1772565748707217082,146.502265344,-28.0,-16.0,0.0
1772565749204811420,146.999859712,-28.0,-16.0,0.0
1772565749704948501,147.499996672,-28.0,-16.0,0.0
1772565750204777891,147.999826176,-28.0,-16.0,0.0
1772565750704837332,148.499885568,-28.0,-16.0,0.0
1772565751204850671,148.99989888,-28.0,-16.0,0.0
1772565751707127339,149.502175488,-28.0,-16.0,0.0
1772565752204737696,149.999785984,-28.0,-16.0,0.0
1772565752705334064,150.500382208,-28.0,-16.0,0.0
1772565753205437918,151.000486144,-28.0,-16.0,0.0
1772565753704858605,151.499906816,-28.0,-16.0,0.0
1772565754204957524,152.000005632,-28.0,-16.0,0.0
1772565754706953991,152.502002176,-28.0,-16.0,0.0
1772565755205383862,153.000432128,-28.0,-16.0,0.0
1772565755707038484,153.502086656,-28.0,-16.0,0.0
1772565756204757327,153.99980544,-28.0,-16.0,0.0
1772565756704839927,154.499888128,-28.0,-16.0,0.0
1772565757204829436,154.999877632,-28.0,-16.0,0.0
1772565757704877196,155.499925504,-28.0,-16.0,0.0
1772565758204809903,155.999858176,-28.0,-16.0,0.0
1772565758704879812,156.499928064,-28.0,-16.0,0.0
1772565759205054870,157.000103168,-28.0,-16.0,0.0
1772565759704868131,157.499916288,-28.0,-16.0,0.0
1772565760204949171,157.99999744,-28.0,-16.0,0.0
1772565760705498118,158.500546304,-28.0,-16.0,0.0
1772565761205842604,159.00089088,-28.0,-16.0,0.0
1772565761704805395,159.499853568,-28.0,-16.0,0.0
1772565762204835058,159.999883264,-28.0,-16.0,0.0
1772565762704860046,160.499908352,-28.0,-16.0,0.0
1772565763204831719,160.999879936,-28.0,-16.0,0.0
1772565763704759100,161.499807232,-28.0,-16.0,0.0
1772565764204798612,161.999846912,-28.0,-16.0,0.0
1772565764705473394,162.500521472,-28.0,-16.0,0.0
1772565765204813269,162.999861504,-28.0,-16.0,0.0
1772565765704861926,163.499910144,-28.0,-16.0,0.0
1772565766204790497,163.99983872,-28.0,-16.0,0.0
1772565766704773884,164.49982208,-28.0,-16.0,0.0
1772565767204865164,164.999913472,-28.0,-16.0,0.0
1772565767704790396,165.499838464,-28.0,-16.0,0.0
1772565768206020005,166.001068288,-28.0,-16.0,0.0
1772565768704914211,166.499962368,-28.0,-16.0,0.0
1772565769204842118,166.999890432,-28.0,-16.0,0.0
1772565769704900431,167.499948544,-28.0,-16.0,0.0
1772565770204860612,167.999908864,-28.0,-16.0,0.0
1772565770705643446,168.500691712,-28.0,-16.0,0.0
1772565771204957398,169.000005632,-28.0,-16.0,0.0
1772565771704923550,169.49997184,-28.0,-16.0,0.0
1772565772204826183,169.999874304,-28.0,-16.0,0.0
1772565772704844987,170.499893248,-28.0,-16.0,0.0
1772565773205384262,171.000432384,-28.0,-16.0,0.0
1772565773704767304,171.499815424,-28.0,-16.0,0.0
1772565774204921010,171.99996928,-28.0,-16.0,0.0
1772565774704920679,172.499968768,-28.0,-16.0,0.0
1772565775204919872,172.999968,-28.0,-16.0,0.0
1772565775704906469,173.499954688,-28.0,-16.0,0.0
1772565776204886204,173.999934464,-28.0,-16.0,0.0
1772565776704947149,174.499995392,-28.0,-16.0,0.0
1772565777204790852,174.999838976,-28.0,-16.0,0.0
1772565777704957215,175.500005376,-28.0,-16.0,0.0
1772565778204869992,175.99991808,-28.0,-16.0,0.0
1772565778705572893,176.500621056,-28.0,-16.0,0.0
1772565779205321301,177.000369408,-28.0,-16.0,0.0
1772565779704754134,177.499802368,-28.0,-16.0,0.0
1772565780205615177,178.000663296,-28.0,-16.0,0.0
1772565780423752123,178.218800384,-35.0,-1.7,0.0
1772565780704831062,178.499879168,-35.0,-1.7,0.0
1772565781207165935,179.002214144,-35.0,-1.7,0.0
1772565781705576449,179.50062464,-35.0,-1.7,0.0
1772565782204850378,179.999898624,-35.0,-1.7,0.0
1772565782704745450,180.499793664,-35.0,-1.7,0.0
1772565783204936985,180.999985152,-35.0,-1.7,0.0
1772565783704801905,181.499849984,-35.0,-1.7,0.0
1772565784204750580,181.999798784,-35.0,-1.7,0.0
1772565784704830464,182.499878656,-35.0,-1.7,0.0
1772565785204770475,182.999818752,-35.0,-1.7,0.0
1772565785705074648,183.50012288,-35.0,-1.7,0.0
1772565786204749062,183.999797248,-35.0,-1.7,0.0
1772565786706240687,184.50128896,-35.0,-1.7,0.0
1772565787204796053,184.999844352,-35.0,-1.7,0.0
1772565787704890703,185.499938816,-35.0,-1.7,0.0
1772565788204779836,185.999827968,-35.0,-1.7,0.0
1772565788704820623,186.499868928,-35.0,-1.7,0.0
1772565789204887282,186.999935488,-35.0,-1.7,0.0
1772565789704815491,187.499863808,-35.0,-1.7,0.0
1772565790204831621,187.999879936,-35.0,-1.7,0.0
1772565790704813058,188.499861248,-35.0,-1.7,0.0
1772565791204792548,188.999840768,-35.0,-1.7,0.0
1772565791704812797,189.499860992,-35.0,-1.7,0.0
1772565792206603865,190.001651968,-35.0,-1.7,0.0
1772565792704813058,190.499861248,-35.0,-1.7,0.0
1772565793205612135,191.000660224,-35.0,-1.7,0.0
1772565793704979745,191.500027904,-35.0,-1.7,0.0
1772565794204850023,191.999898112,-35.0,-1.7,0.0
1772565794704864037,192.499912192,-35.0,-1.7,0.0
1772565795204748223,192.99979648,-35.0,-1.7,0.0
1772565795704894385,193.499942656,-35.0,-1.7,0.0
1772565796205362693,194.00041088,-35.0,-1.7,0.0
1772565796705957333,194.501005568,-35.0,-1.7,0.0
1772565797204801310,194.999849472,-35.0,-1.7,0.0
1772565797705006888,195.50005504,-35.0,-1.7,0.0
1772565798204740735,195.9997888,-35.0,-1.7,0.0
1772565798704776807,196.499824896,-35.0,-1.7,0.0
1772565799204812753,196.999860992,-35.0,-1.7,0.0
1772565799704771213,197.49981952,-35.0,-1.7,0.0
1772565800204728084,197.999776256,-35.0,-1.7,0.0
1772565800704765054,198.49981312,-35.0,-1.7,0.0
1772565801204753445,198.9998016,-35.0,-1.7,0.0
1772565801704906549,199.499954688,-35.0,-1.7,0.0
1772565802204776854,199.999825152,-35.0,-1.7,0.0
1772565802704874058,200.499922176,-35.0,-1.7,0.0
1772565803204766003,200.999814144,-35.0,-1.7,0.0
1772565803704888835,201.499937024,-35.0,-1.7,0.0
1772565804204790542,201.99983872,-35.0,-1.7,0.0
1772565804705995752,202.501043968,-35.0,-1.7,0.0
1772565805206200554,203.001248768,-35.0,-1.7,0.0
1772565805705661280,203.500709376,-35.0,-1.7,0.0
1772565806204789787,203.999837952,-35.0,-1.7,0.0
1772565806705843908,204.50089216,-35.0,-1.7,0.0
1772565807204984280,205.000032512,-35.0,-1.7,0.0
1772565807704806903,205.499855104,-35.0,-1.7,0.0
1772565808204838781,205.999886848,-35.0,-1.7,0.0
1772565808704758411,206.49980672,-35.0,-1.7,0.0
1772565809204813728,206.999862016,-35.0,-1.7,0.0
1772565809704806138,207.499854336,-35.0,-1.7,0.0
1772565810205372900,208.00042112,-35.0,-1.7,0.0
1772565810704897427,208.499945728,-35.0,-1.7,0.0
1772565811205387284,209.000435456,-35.0,-1.7,0.0
1772565811704796016,209.499844096,-35.0,-1.7,0.0
1772565812204866427,209.999914496,-35.0,-1.7,0.0
1772565812704791132,210.499839232,-35.0,-1.7,0.0
1772565813205469249,211.000517376,-35.0,-1.7,0.0
1772565813704840610,211.499888896,-35.0,-1.7,0.0
1772565814204851146,211.999899392,-35.0,-1.7,0.0
1772565814704821590,212.499869696,-35.0,-1.7,0.0
1772565815204719394,212.999767552,-35.0,-1.7,0.0
1772565815704834218,213.499882496,-35.0,-1.7,0.0
1772565816204788372,213.999836672,-35.0,-1.7,0.0
1772565816704718831,214.49976704,-35.0,-1.7,0.0
1772565817204847537,214.999895808,-35.0,-1.7,0.0
1772565817704832206,215.499880448,-35.0,-1.7,0.0
1772565818204889794,215.999938048,-35.0,-1.7,0.0
1772565818704857004,216.49990528,-35.0,-1.7,0.0
1772565819204872533,216.99992064,-35.0,-1.7,0.0
1772565819704768821,217.49981696,-35.0,-1.7,0.0
1772565820204887684,217.999936,-35.0,-1.7,0.0
1772565820704818826,218.499867136,-35.0,-1.7,0.0
1772565821204791026,218.999839232,-35.0,-1.7,0.0
1772565821704804111,219.499852288,-35.0,-1.7,0.0
1772565822204885523,219.999933696,-35.0,-1.7,0.0
1772565822706498394,220.501546496,-35.0,-1.7,0.0
1772565823204932214,220.999980288,-35.0,-1.7,0.0
1772565823223609549,221.018657792,-44.0,10.4,0.0
1772565823704971655,221.500019968,-44.0,10.4,0.0
1772565824205432718,222.000481024,-44.0,10.4,0.0
1772565824705364453,222.500412672,-44.0,10.4,0.0
1772565825206449371,223.0014976,-44.0,10.4,0.0
1772565825704842506,223.499890688,-44.0,10.4,0.0
1772565826204820240,223.999868416,-44.0,10.4,0.0
1772565826705018989,224.500067072,-44.0,10.4,0.0
1772565827205789305,225.000837376,-44.0,10.4,0.0
1772565827704830104,225.4998784,-44.0,10.4,0.0
1772565828204709084,225.999757312,-44.0,10.4,0.0
1772565828704902238,226.499950336,-44.0,10.4,0.0
1772565829204838004,226.99988608,-44.0,10.4,0.0
1772565829704871155,227.49991936,-44.0,10.4,0.0
1772565830204773131,227.999821312,-44.0,10.4,0.0
1772565830704897434,228.499945728,-44.0,10.4,0.0
1772565831204706045,228.99975424,-44.0,10.4,0.0
1772565831704837027,229.499885312,-44.0,10.4,0.0
1772565832204856530,229.999904768,-44.0,10.4,0.0
1772565832704846270,230.499894528,-44.0,10.4,0.0
1772565833204890310,230.99993856,-44.0,10.4,0.0
1772565833704849564,231.499897856,-44.0,10.4,0.0
1772565834204789407,231.999837696,-44.0,10.4,0.0
1772565834704905029,232.499953152,-44.0,10.4,0.0
1772565835204908037,232.999956224,-44.0,10.4,0.0
1772565835704838903,233.499887104,-44.0,10.4,0.0
1772565836206607097,234.001655296,-44.0,10.4,0.0
1772565836704746310,234.499794432,-44.0,10.4,0.0
1772565837204787619,234.999835904,-44.0,10.4,0.0
1772565837704783920,235.499832064,-44.0,10.4,0.0
1772565838204898389,235.999946496,-44.0,10.4,0.0
1772565838704855655,236.499903744,-44.0,10.4,0.0
1772565839204745227,236.999793408,-44.0,10.4,0.0
1772565839704761341,237.499809536,-44.0,10.4,0.0
1772565840204813854,237.999862016,-44.0,10.4,0.0
1772565840704828331,238.499876608,-44.0,10.4,0.0
1772565841204698855,238.999747072,-44.0,10.4,0.0
1772565841705372831,239.50042112,-44.0,10.4,0.0
1772565842204790947,239.999839232,-44.0,10.4,0.0
1772565842704821414,240.499869696,-44.0,10.4,0.0
1772565843206963692,241.002011904,-44.0,10.4,0.0
1772565843704794205,241.499842304,-44.0,10.4,0.0
1772565844204902508,241.999950592,-44.0,10.4,0.0
1772565844706079077,242.501127168,-44.0,10.4,0.0
1772565845026028224,242.82107648,-58.0,26.0,0.0
1772565845204782983,242.999831296,-58.0,26.0,0.0
1772565845704791996,243.499840256,-58.0,26.0,0.0
1772565846207037251,244.002085376,-58.0,26.0,0.0
1772565846704801480,244.499849728,-58.0,26.0,0.0
1772565847204884089,244.99993216,-58.0,26.0,0.0
1772565847704945689,245.499993856,-58.0,26.0,0.0
1772565848204969172,246.000017408,-58.0,26.0,0.0
1772565848704870240,246.499918336,-58.0,26.0,0.0
1772565849204789163,246.99983744,-58.0,26.0,0.0
1772565849704877524,247.49992576,-58.0,26.0,0.0
1772565850206485599,248.001533696,-58.0,26.0,0.0
1772565850704727814,248.499776,-58.0,26.0,0.0
1772565851204983399,249.000031488,-58.0,26.0,0.0
1772565851704862375,249.499910656,-58.0,26.0,0.0
1772565852204783504,249.999831808,-58.0,26.0,0.0
1772565852704802377,250.499850496,-58.0,26.0,0.0
1772565853204897648,250.999945728,-58.0,26.0,0.0
1772565853704801769,251.499849984,-58.0,26.0,0.0
1772565854206448411,252.001496576,-58.0,26.0,0.0
1772565854704768108,252.499816192,-58.0,26.0,0.0
1772565855204851173,252.999899392,-58.0,26.0,0.0
1772565855704885985,253.499934208,-58.0,26.0,0.0
1772565856204822789,253.999870976,-58.0,26.0,0.0
1772565856704862368,254.499910656,-58.0,26.0,0.0
1772565857204823418,254.999871488,-58.0,26.0,0.0
1772565857704848926,255.499897088,-58.0,26.0,0.0
1772565858204778802,255.999826944,-58.0,26.0,0.0
1772565858704870319,256.499918592,-58.0,26.0,0.0
1772565859204781993,256.999830272,-58.0,26.0,0.0
1772565859704736111,257.499784192,-58.0,26.0,0.0
1772565860204880535,257.999928832,-58.0,26.0,0.0
1772565860704792491,258.499840768,-58.0,26.0,0.0
1772565861204760547,258.999808768,-58.0,26.0,0.0
1772565861704980442,259.500028672,-58.0,26.0,0.0
1772565862205551758,260.000600064,-58.0,26.0,0.0
1772565862704923124,260.499971328,-58.0,26.0,0.0
1772565863204839550,260.999887616,-58.0,26.0,0.0
1772565863704975786,261.500024064,-58.0,26.0,0.0
1772565864204831862,261.999879936,-58.0,26.0,0.0
1772565864704915917,262.49996416,-58.0,26.0,0.0
1772565865204906348,262.999954432,-58.0,26.0,0.0
1772565865705429935,263.500478208,-58.0,26.0,0.0
1772565866204871972,263.999920128,-58.0,26.0,0.0
1772565866704826976,264.499875072,-58.0,26.0,0.0
1772565867204757884,264.999805952,-58.0,26.0,0.0
1772565867704804733,265.4998528,-58.0,26.0,0.0
1772565868204928541,265.999976704,-58.0,26.0,0.0
1772565868704783185,266.499831296,-58.0,26.0,0.0
1772565869204828799,266.999876864,-58.0,26.0,0.0
1772565869704810086,267.499858176,-58.0,26.0,0.0
1772565870204813198,267.999861504,-58.0,26.0,0.0
1772565870704818620,268.49986688,-58.0,26.0,0.0
1772565871204835272,268.99988352,-58.0,26.0,0.0
1772565871705000160,269.500048384,-58.0,26.0,0.0
1772565872204921896,269.999970048,-58.0,26.0,0.0
1772565872704937657,270.49998592,-58.0,26.0,0.0
1772565873123327149,270.918375424,-54.0,-0.0,0.0
1772565873205667889,271.000716032,-54.0,-0.0,0.0
1772565873704912847,271.499961088,-54.0,-0.0,0.0
1772565874204740983,271.999789056,-54.0,-0.0,0.0
1772565874705020888,272.50006912,-54.0,-0.0,0.0
1772565875207498004,273.002546176,-54.0,-0.0,0.0
1772565875705312507,273.500360704,-54.0,-0.0,0.0
1772565876204795490,273.999843584,-54.0,-0.0,0.0
1772565876704794427,274.49984256,-54.0,-0.0,0.0
1772565877204860210,274.999908352,-54.0,-0.0,0.0
1772565877704800035,275.499848192,-54.0,-0.0,0.0
1772565878204783877,275.999832064,-54.0,-0.0,0.0
1772565878704824745,276.499873024,-54.0,-0.0,0.0
1772565879205570096,277.00061824,-54.0,-0.0,0.0
1772565879704688445,277.499736576,-54.0,-0.0,0.0
1772565880205517996,278.000566272,-54.0,-0.0,0.0
1772565880704906732,278.499954944,-54.0,-0.0,0.0
1772565881205951989,279.001000192,-54.0,-0.0,0.0
1772565881704899277,279.49994752,-54.0,-0.0,0.0
1772565882204839169,279.99988736,-54.0,-0.0,0.0
1772565882705467180,280.500515328,-54.0,-0.0,0.0
1772565883204774202,280.999822336,-54.0,-0.0,0.0
1772565883706815121,281.501863424,-54.0,-0.0,0.0
1772565884204815343,281.999863552,-54.0,-0.0,0.0
1772565884707513851,282.502562048,-54.0,-0.0,0.0
1772565885205473922,283.00052224,-54.0,-0.0,0.0
1772565885704839546,283.499887616,-54.0,-0.0,0.0
1772565886204701537,283.999749632,-54.0,-0.0,0.0
1772565886704801912,284.499849984,-54.0,-0.0,0.0
1772565887205113434,285.000161536,-54.0,-0.0,0.0
1772565887704828354,285.499876608,-54.0,-0.0,0.0
1772565888204800882,285.99984896,-54.0,-0.0,0.0
1772565888704847642,286.499895808,-54.0,-0.0,0.0
1772565889204932243,286.999980544,-54.0,-0.0,0.0
1772565889704751359,287.499799552,-54.0,-0.0,0.0
1772565890205752096,288.000800256,-54.0,-0.0,0.0
1772565890704787889,288.49983616,-54.0,-0.0,0.0
1772565891204978743,289.00002688,-54.0,-0.0,0.0
1772565891704780209,289.49982848,-54.0,-0.0,0.0
1772565892204828121,289.999876352,-54.0,-0.0,0.0
1772565892705705720,290.50075392,-54.0,-0.0,0.0
1772565893204878009,290.999926272,-54.0,-0.0,0.0
1772565893704830706,291.499878912,-54.0,-0.0,0.0
1772565894204756118,291.999804416,-54.0,-0.0,0.0
1772565894704950116,292.499998208,-54.0,-0.0,0.0
1772565895205475546,293.000523776,-54.0,-0.0,0.0
1772565895704851008,293.499899136,-54.0,-0.0,0.0
1772565896204802391,293.999850496,-54.0,-0.0,0.0
1772565896704787371,294.499835648,-54.0,-0.0,0.0
1772565897204795585,294.99984384,-54.0,-0.0,0.0
1772565897704910627,295.499958784,-54.0,-0.0,0.0
1772565898204798518,295.999846656,-54.0,-0.0,0.0
1772565898704711628,296.499759872,-54.0,-0.0,0.0
1772565899204878008,296.999926272,-54.0,-0.0,0.0
1772565899704845574,297.49989376,-54.0,-0.0,0.0
1772565900204971556,298.000019712,-54.0,-0.0,0.0
1772565900704800706,298.49984896,-54.0,-0.0,0.0
1772565901204741294,298.999789568,-54.0,-0.0,0.0
1772565901705140296,299.500188416,-54.0,-0.0,0.0
1772565902204816539,299.999864832,-54.0,-0.0,0.0
1772565902704892242,300.499940352,-54.0,-0.0,0.0
1772565903205517967,301.000566272,-54.0,-0.0,0.0
1772565903704971566,301.500019712,-54.0,-0.0,0.0
1772565904204755135,301.999803392,-54.0,-0.0,0.0
1772565904705424910,302.500473088,-54.0,-0.0,0.0
1772565905205484015,303.000532224,-54.0,-0.0,0.0
1772565905704898956,303.499947264,-54.0,-0.0,0.0
1772565906205257673,304.00030592,-54.0,-0.0,0.0
1772565906707366228,304.502414336,-54.0,-0.0,0.0
1772565907204758170,304.999806464,-54.0,-0.0,0.0
1772565907704797156,305.499845376,-54.0,-0.0,0.0
1772565908204724140,305.999772416,-54.0,-0.0,0.0
1772565908707318749,306.502366976,-54.0,-0.0,0.0
1772565909207416816,307.002465024,-54.0,-0.0,0.0
1772565909704851014,307.499899136,-54.0,-0.0,0.0
1772565910205837858,308.000886016,-54.0,-0.0,0.0
1772565910704834153,308.49988224,-54.0,-0.0,0.0
1772565911204727478,308.999775744,-54.0,-0.0,0.0
1772565911704892215,309.499940352,-54.0,-0.0,0.0
1772565912206788099,310.001836288,-54.0,-0.0,0.0
1772565912704802400,310.499850496,-54.0,-0.0,0.0
1772565913204744078,310.999792384,-54.0,-0.0,0.0
1772565913706436350,311.501484544,-54.0,-0.0,0.0
1772565914204884155,311.999932416,-54.0,-0.0,0.0
1772565914704828413,312.499876608,-54.0,-0.0,0.0
1772565915204824709,312.999873024,-54.0,-0.0,0.0
1772565915704762826,313.499811072,-54.0,-0.0,0.0
1772565916204789021,313.999837184,-54.0,-0.0,0.0
1772565916704830861,314.499879168,-54.0,-0.0,0.0
1772565917204811304,314.999859456,-54.0,-0.0,0.0
1772565917704812557,315.499860736,-54.0,-0.0,0.0
1772565918204790474,315.99983872,-54.0,-0.0,0.0
1772565918704768320,316.499816448,-54.0,-0.0,0.0
1772565919204790841,316.999838976,-54.0,-0.0,0.0
1772565919704782037,317.499830272,-54.0,-0.0,0.0
1772565920204796794,317.999844864,-54.0,-0.0,0.0
1772565920707658535,318.502706688,-54.0,-0.0,0.0
1772565921204769776,318.999817984,-54.0,-0.0,0.0
1772565921704909536,319.49995776,-54.0,-0.0,0.0
1772565922204839617,319.999887872,-54.0,-0.0,0.0
1772565922704927674,320.499975936,-54.0,-0.0,0.0
1772565923204849117,320.999897344,-54.0,-0.0,0.0
1772565923706493360,321.501541632,-54.0,-0.0,0.0
1772565924204973668,322.00002176,-54.0,-0.0,0.0
1772565924704774031,322.499822336,-54.0,-0.0,0.0
1772565925204736240,322.999784448,-54.0,-0.0,0.0
1772565925704869592,323.499917824,-54.0,-0.0,0.0
1772565926204754645,323.99980288,-54.0,-0.0,0.0
1772565926704820616,324.499868928,-54.0,-0.0,0.0
1772565927204815542,324.999863808,-54.0,-0.0,0.0
1772565927704743994,325.499792128,-54.0,-0.0,0.0
1772565928206519406,326.001567488,-54.0,-0.0,0.0
1772565928704742118,326.499790336,-54.0,-0.0,0.0
1772565929206888201,327.001936384,-54.0,-0.0,0.0
1772565929706418493,327.501466624,-54.0,-0.0,0.0
1772565930204872276,327.999920384,-54.0,-0.0,0.0
1772565930704841394,328.499889664,-54.0,-0.0,0.0
1772565931207050563,329.002098688,-54.0,-0.0,0.0
1772565931704803306,329.49985152,-54.0,-0.0,0.0
1772565932205142312,330.000190464,-54.0,-0.0,0.0
1772565932704864979,330.499913216,-54.0,-0.0,0.0
1772565933204715125,330.9997632,-54.0,-0.0,0.0
1772565933704872552,331.49992064,-54.0,-0.0,0.0
1772565934204888870,331.999937024,-54.0,-0.0,0.0
1772565934704861229,332.499909376,-54.0,-0.0,0.0
1772565935204776960,332.999825152,-54.0,-0.0,0.0
1772565935706178185,333.501226496,-54.0,-0.0,0.0
1772565936204829450,333.999877632,-54.0,-0.0,0.0
1772565936704811243,334.499859456,-54.0,-0.0,0.0
1772565937204877189,334.999925504,-54.0,-0.0,0.0
1772565937704857953,335.499906048,-54.0,-0.0,0.0
1772565938204794310,335.99984256,-54.0,-0.0,0.0
1772565938704804081,336.499852288,-54.0,-0.0,0.0
1772565939208006001,337.00305408,-54.0,-0.0,0.0
1772565939704779104,337.4998272,-54.0,-0.0,0.0
1772565940204794153,337.999842304,-54.0,-0.0,0.0
1772565940704844796,338.499892992,-54.0,-0.0,0.0
1772565941204802272,338.999850496,-54.0,-0.0,0.0
1772565941704839690,339.499887872,-54.0,-0.0,0.0
1772565942206159908,340.001208064,-54.0,-0.0,0.0
1772565942704813530,340.49986176,-54.0,-0.0,0.0
1772565943204816542,340.999864832,-54.0,-0.0,0.0
1772565943707135881,341.502184192,-54.0,-0.0,0.0
1772565944204992572,342.000040704,-54.0,-0.0,0.0
1772565944704842966,342.4998912,-54.0,-0.0,0.0
1772565945204834860,342.999883008,-54.0,-0.0,0.0
1772565945704864892,343.49991296,-54.0,-0.0,0.0
1772565946204755969,343.99980416,-54.0,-0.0,0.0
1772565946704795396,344.499843584,-54.0,-0.0,0.0
1772565947204800938,344.999849216,-54.0,-0.0,0.0
1772565947704767888,345.499816192,-54.0,-0.0,0.0
1772565948204807028,345.999855104,-54.0,-0.0,0.0
1772565948704800500,346.499848704,-54.0,-0.0,0.0
1772565949204898925,346.999947008,-54.0,-0.0,0.0
1772565949704823569,347.499871744,-54.0,-0.0,0.0
1772565950204766855,347.999815168,-54.0,-0.0,0.0
1772565950704800948,348.499849216,-54.0,-0.0,0.0
1772565951204928383,348.999976448,-54.0,-0.0,0.0
1772565951704829373,349.499877632,-54.0,-0.0,0.0
1772565952204774867,349.999823104,-54.0,-0.0,0.0
1772565952704726154,350.499774464,-54.0,-0.0,0.0
1772565953204810263,350.999858432,-54.0,-0.0,0.0
1772565953704905483,351.499953664,-54.0,-0.0,0.0
1772565954204800748,351.99984896,-54.0,-0.0,0.0
1772565954704812409,352.49986048,-54.0,-0.0,0.0
1772565955204956738,353.000004864,-54.0,-0.0,0.0
1772565955705624593,353.500672768,-54.0,-0.0,0.0
1772565956204838830,353.999887104,-54.0,-0.0,0.0
1772565956704859460,354.499907584,-54.0,-0.0,0.0
1772565957204791684,354.99984,-54.0,-0.0,0.0
1772565957704785044,355.499833344,-54.0,-0.0,0.0
1772565958204832547,355.999880704,-54.0,-0.0,0.0
1772565958704868827,356.499917056,-54.0,-0.0,0.0
1772565959204763606,356.99981184,-54.0,-0.0,0.0
1772565959705724053,357.500772352,-54.0,-0.0,0.0
1772565960206793670,358.00184192,-54.0,-0.0,0.0
1772565960704815493,358.499863808,-54.0,-0.0,0.0
1772565961023039968,358.818088192,-61.0,-22.0,0.0
1772565961204841074,358.999889152,-61.0,-22.0,0.0
1772565961704940930,359.499989248,-61.0,-22.0,0.0
1772565962204851108,359.999899392,-61.0,-22.0,0.0
1772565962704889855,360.499938048,-61.0,-22.0,0.0
1772565963204783136,360.999831296,-61.0,-22.0,0.0
1772565963704959825,361.500007936,-61.0,-22.0,0.0
1772565964204742581,361.999790848,-61.0,-22.0,0.0
1772565964704748765,362.499796992,-61.0,-22.0,0.0
1772565965204813313,362.999861504,-61.0,-22.0,0.0
1772565965704819484,363.499867648,-61.0,-22.0,0.0
1772565966204811773,363.999859968,-61.0,-22.0,0.0
1772565966706232050,364.501280256,-61.0,-22.0,0.0
1772565967204789703,364.999837952,-61.0,-22.0,0.0
1772565967704789342,365.49983744,-61.0,-22.0,0.0
1772565968204868782,365.999917056,-61.0,-22.0,0.0
1772565968705347651,366.500395776,-61.0,-22.0,0.0
1772565969204796094,366.999844352,-61.0,-22.0,0.0
1772565969704949240,367.49999744,-61.0,-22.0,0.0
1772565970204800163,367.999848448,-61.0,-22.0,0.0
1772565970704750256,368.499798528,-61.0,-22.0,0.0
1772565971204827399,368.999875584,-61.0,-22.0,0.0
1772565971704863555,369.49991168,-61.0,-22.0,0.0
1772565972204944308,369.999992576,-61.0,-22.0,0.0
1772565972704785621,370.499833856,-61.0,-22.0,0.0
1772565973204771575,370.999819776,-61.0,-22.0,0.0
1772565973704795144,371.499843328,-61.0,-22.0,0.0
1772565974204802955,371.999851264,-61.0,-22.0,0.0
1772565974704941487,372.49998976,-61.0,-22.0,0.0
1772565975204737900,372.999785984,-61.0,-22.0,0.0
1772565975704855800,373.499904,-61.0,-22.0,0.0
1772565976204814988,373.999863296,-61.0,-22.0,0.0
1772565976704866702,374.499915008,-61.0,-22.0,0.0
1772565977204991442,375.00003968,-61.0,-22.0,0.0
1772565977705694899,375.500743168,-61.0,-22.0,0.0
1772565978204817302,375.9998656,-61.0,-22.0,0.0
1772565978704890142,376.499938304,-61.0,-22.0,0.0
1772565979204715098,376.9997632,-61.0,-22.0,0.0
1772565979704807509,377.499855616,-61.0,-22.0,0.0
1772565980204769911,377.999817984,-61.0,-22.0,0.0
1772565980704821950,378.499870208,-61.0,-22.0,0.0
1772565981206487092,379.001535232,-61.0,-22.0,0.0
1772565981704764121,379.499812352,-61.0,-22.0,0.0
1772565982204735247,379.999783424,-61.0,-22.0,0.0
1772565982704739664,380.499787776,-61.0,-22.0,0.0
1772565983204821531,380.999869696,-61.0,-22.0,0.0
1772565983707098310,381.50214656,-61.0,-22.0,0.0
1772565984204877247,381.999925504,-61.0,-22.0,0.0
1772565984704890285,382.49993856,-61.0,-22.0,0.0
1772565985204946582,382.99999488,-61.0,-22.0,0.0
1772565985704819078,383.499867392,-61.0,-22.0,0.0
1772565986204853597,383.999901696,-61.0,-22.0,0.0
1772565986706522380,384.50157056,-61.0,-22.0,0.0
1772565987204795094,384.999843328,-61.0,-22.0,0.0
1772565987704831817,385.499879936,-61.0,-22.0,0.0
1772565988204850127,385.999898368,-61.0,-22.0,0.0
1772565988704774577,386.499822848,-61.0,-22.0,0.0
1772565989204709140,386.999757312,-61.0,-22.0,0.0
1772565989704728892,387.499777024,-61.0,-22.0,0.0
1772565990204745150,387.999793408,-61.0,-22.0,0.0
1772565990704744557,388.49979264,-61.0,-22.0,0.0
1772565990822617554,388.617665792,-51.0,-18.0,0.0
1772565991204724815,388.999772928,-51.0,-18.0,0.0
1772565991704815951,389.499864064,-51.0,-18.0,0.0
1772565992204829516,389.999877632,-51.0,-18.0,0.0
1772565992704791411,390.499839488,-51.0,-18.0,0.0
1772565993204764402,390.999812608,-51.0,-18.0,0.0
1772565993704786822,391.499835136,-51.0,-18.0,0.0
1772565994204777034,391.999825152,-51.0,-18.0,0.0
1772565994704860969,392.49990912,-51.0,-18.0,0.0
1772565995204818026,392.999866112,-51.0,-18.0,0.0
1772565995705828046,393.500876288,-51.0,-18.0,0.0
1772565996204817986,393.999866112,-51.0,-18.0,0.0
1772565996704793695,394.499841792,-51.0,-18.0,0.0
1772565997204782436,394.999830528,-51.0,-18.0,0.0
1772565997704774552,395.499822848,-51.0,-18.0,0.0
1772565998204830049,395.999878144,-51.0,-18.0,0.0
1772565998704856543,396.499904768,-51.0,-18.0,0.0
1772565999205334472,397.00038272,-51.0,-18.0,0.0
1772565999704784582,397.499832832,-51.0,-18.0,0.0
1772566000204901732,397.999949824,-51.0,-18.0,0.0
1772566000704860426,398.499908608,-51.0,-18.0,0.0
1772566001204810304,398.999858432,-51.0,-18.0,0.0
1772566001704887256,399.499935488,-51.0,-18.0,0.0
1772566002204866152,399.99991424,-51.0,-18.0,0.0
1772566002704875830,400.499923968,-51.0,-18.0,0.0
1772566003205410104,401.00045824,-51.0,-18.0,0.0
1772566003704835126,401.499883264,-51.0,-18.0,0.0
1772566004204805735,401.999853824,-51.0,-18.0,0.0
1772566004704920828,402.499969024,-51.0,-18.0,0.0
1772566005204789845,402.999837952,-51.0,-18.0,0.0
1772566005704895381,403.49994368,-51.0,-18.0,0.0
1772566006204858272,403.99990656,-51.0,-18.0,0.0
1772566006704857030,404.49990528,-51.0,-18.0,0.0
1772566007205314072,405.00036224,-51.0,-18.0,0.0
1772566007706876702,405.501924864,-51.0,-18.0,0.0
1772566008204798973,405.999847168,-51.0,-18.0,0.0
1772566008707516640,406.502564864,-51.0,-18.0,0.0
1772566009204839784,406.999887872,-51.0,-18.0,0.0
1772566009706064534,407.501112832,-51.0,-18.0,0.0
1772566010204793098,407.99984128,-51.0,-18.0,0.0
1772566010704875718,408.499923968,-51.0,-18.0,0.0
1772566011204884784,408.999932928,-51.0,-18.0,0.0
1772566011705911331,409.500959488,-51.0,-18.0,0.0
1772566012204914732,409.99996288,-51.0,-18.0,0.0
1772566012704826771,410.499875072,-51.0,-18.0,0.0
1772566013204857769,410.999906048,-51.0,-18.0,0.0
1772566013704865374,411.499913472,-51.0,-18.0,0.0
1772566014204792481,411.999840768,-51.0,-18.0,0.0
1772566014704913260,412.499961344,-51.0,-18.0,0.0
1772566015205349411,413.000397568,-51.0,-18.0,0.0
1772566015704823854,413.499872,-51.0,-18.0,0.0
1772566016204852575,413.999900672,-51.0,-18.0,0.0
1772566016704970489,414.500018688,-51.0,-18.0,0.0
1772566017204882445,414.999930624,-51.0,-18.0,0.0
1772566017704927159,415.499975424,-51.0,-18.0,0.0
1772566018206538837,416.001586944,-51.0,-18.0,0.0
1772566018705493541,416.500541696,-51.0,-18.0,0.0
1772566019204818160,416.999866368,-51.0,-18.0,0.0
1772566019704800318,417.499848448,-51.0,-18.0,0.0
1772566020204847655,417.999895808,-51.0,-18.0,0.0
1772566020705436077,418.500484352,-51.0,-18.0,0.0
1772566021204807756,418.999855872,-51.0,-18.0,0.0
1772566021704827488,419.499875584,-51.0,-18.0,0.0
1772566022204857726,419.999905792,-51.0,-18.0,0.0
1772566022704798408,420.499846656,-51.0,-18.0,0.0
1772566023205142238,421.000190464,-51.0,-18.0,0.0
1772566023704945651,421.499993856,-51.0,-18.0,0.0
1772566024206607416,422.001655552,-51.0,-18.0,0.0
1772566024706544458,422.501592576,-51.0,-18.0,0.0
1772566025205068079,423.000116224,-51.0,-18.0,0.0
1772566025707151646,423.502199808,-51.0,-18.0,0.0
1772566026204806366,423.999854592,-51.0,-18.0,0.0
1772566026704816081,424.49986432,-51.0,-18.0,0.0
1772566027204746756,424.999794944,-51.0,-18.0,0.0
1772566027704889021,425.49993728,-51.0,-18.0,0.0
1772566028204768053,425.999816192,-51.0,-18.0,0.0
1772566028704876875,426.499924992,-51.0,-18.0,0.0
1772566029204857920,426.999906048,-51.0,-18.0,0.0
1772566029704765549,427.499813632,-51.0,-18.0,0.0
1772566030204785073,427.999833344,-51.0,-18.0,0.0
1772566030706249222,428.501297408,-51.0,-18.0,0.0
1772566031206261504,429.001309696,-51.0,-18.0,0.0
1772566031707152840,429.502201088,-51.0,-18.0,0.0
1772566032204826912,429.999875072,-51.0,-18.0,0.0
1772566032622426439,430.41747456,-53.902,-11.6,0.0
1772566032704778584,430.499826688,-53.902,-11.6,0.0
1772566033204830998,430.999879168,-53.902,-11.6,0.0
1772566033705381003,431.500429312,-53.902,-11.6,0.0
1772566034205674974,432.0007232,-53.902,-11.6,0.0
1772566034705392604,432.500440832,-53.902,-11.6,0.0
1772566035204844825,432.999892992,-53.902,-11.6,0.0
1772566035704871024,433.499919104,-53.902,-11.6,0.0
1772566036204760143,433.999808256,-53.902,-11.6,0.0
1772566036705734528,434.500782848,-53.902,-11.6,0.0
1772566037204747301,434.999795456,-53.902,-11.6,0.0
1772566037704793681,435.499841792,-53.902,-11.6,0.0
1772566038204730416,435.99977856,-53.902,-11.6,0.0
1772566038704755471,436.499803648,-53.902,-11.6,0.0
1772566039204799304,436.999847424,-53.902,-11.6,0.0
1772566039704845481,437.49989376,-53.902,-11.6,0.0
1772566040204935516,437.999983616,-53.902,-11.6,0.0
1772566040704901555,438.499949824,-53.902,-11.6,0.0
1772566041204717562,438.99976576,-53.902,-11.6,0.0
1772566041704775456,439.499823616,-53.902,-11.6,0.0
1772566042122721522,439.917769728,-44.0,11.0,0.0
1772566042204839285,439.99988736,-44.0,11.0,0.0
1772566042704809749,440.49985792,-44.0,11.0,0.0
1772566043204807762,440.999855872,-44.0,11.0,0.0
1772566043705242430,441.50029056,-44.0,11.0,0.0
1772566044204863210,441.999911424,-44.0,11.0,0.0
1772566044704902508,442.499950592,-44.0,11.0,0.0
1772566045204725666,442.999773952,-44.0,11.0,0.0
1772566045704745870,443.499794176,-44.0,11.0,0.0
1772566046204743880,443.999792128,-44.0,11.0,0.0
1772566046704810736,444.499858944,-44.0,11.0,0.0
1772566047204820762,444.999868928,-44.0,11.0,0.0
1772566047705060695,445.5001088,-44.0,11.0,0.0
1772566048204738317,445.999786496,-44.0,11.0,0.0
1772566048704719185,446.499767296,-44.0,11.0,0.0
1772566049204813953,446.999862272,-44.0,11.0,0.0
1772566049704698030,447.499746304,-44.0,11.0,0.0
1772566050204906052,447.999954176,-44.0,11.0,0.0
1772566050704881399,448.4999296,-44.0,11.0,0.0
1772566051204794127,448.999842304,-44.0,11.0,0.0
1772566051704800119,449.499848192,-44.0,11.0,0.0
1772566052205575837,450.000624128,-44.0,11.0,0.0
1772566052704698489,450.49974656,-44.0,11.0,0.0
1772566053206156473,451.001204736,-44.0,11.0,0.0
1772566053704693070,451.499741184,-44.0,11.0,0.0
1772566054204849925,451.999898112,-44.0,11.0,0.0
1772566054704874795,452.499922944,-44.0,11.0,0.0
1772566055205187951,453.000236032,-44.0,11.0,0.0
1772566055704767126,453.499815424,-44.0,11.0,0.0
1772566056204857745,453.999906048,-44.0,11.0,0.0
1772566056704750976,454.499799296,-44.0,11.0,0.0
1772566057204765692,454.999813888,-44.0,11.0,0.0
1772566057705400866,455.500449024,-44.0,11.0,0.0
1772566058206784937,456.001833216,-44.0,11.0,0.0
1772566058704836026,456.499884288,-44.0,11.0,0.0
1772566059204824665,456.999872768,-44.0,11.0,0.0
1772566059704884135,457.499932416,-44.0,11.0,0.0
1772566060204820498,457.999868672,-44.0,11.0,0.0
1772566060704931989,458.499980288,-44.0,11.0,0.0
1772566061204854645,458.99990272,-44.0,11.0,0.0
1772566061704844800,459.499892992,-44.0,11.0,0.0
1772566062204838153,459.999886336,-44.0,11.0,0.0
1772566062704735979,460.499784192,-44.0,11.0,0.0
1772566063204924099,460.999972352,-44.0,11.0,0.0
1772566063704799989,461.499848192,-44.0,11.0,0.0
1772566064204811744,461.999859968,-44.0,11.0,0.0
1772566064704879770,462.499928064,-44.0,11.0,0.0
1772566065204787705,462.999835904,-44.0,11.0,0.0
1772566065706181710,463.501229824,-44.0,11.0,0.0
1772566066204873939,463.999922176,-44.0,11.0,0.0
1772566066704891575,464.49993984,-44.0,11.0,0.0
1772566067204768828,464.99981696,-44.0,11.0,0.0
1772566067704801703,465.499849984,-44.0,11.0,0.0
1772566068204785604,465.999833856,-44.0,11.0,0.0
1772566068704906490,466.499954688,-44.0,11.0,0.0
1772566069204732011,466.999780096,-44.0,11.0,0.0
1772566069704795849,467.499844096,-44.0,11.0,0.0
1772566070204828597,467.999876864,-44.0,11.0,0.0
1772566070704818029,468.499866112,-44.0,11.0,0.0
1772566071204832845,468.99988096,-44.0,11.0,0.0
1772566071704769202,469.499817472,-44.0,11.0,0.0
1772566072204817645,469.999865856,-44.0,11.0,0.0
1772566072704831302,470.499879424,-44.0,11.0,0.0
1772566073204811961,470.999860224,-44.0,11.0,0.0
1772566073704768120,471.499816192,-44.0,11.0,0.0
1772566074204828975,471.99987712,-44.0,11.0,0.0
1772566074704880610,472.499928832,-44.0,11.0,0.0
1772566075204998957,473.000047104,-44.0,11.0,0.0
1772566075704737630,473.499785728,-44.0,11.0,0.0
1772566076204977360,474.0000256,-44.0,11.0,0.0
1772566076704773762,474.49982208,-44.0,11.0,0.0
1772566078629092568,476.4241408,8.248567581176758,6.345767498016357,0.0
1772566079117946161,476.912994304,8.248567581176758,6.345767498016357,0.0
1772566079617841511,477.4128896,8.248567581176758,6.345767498016357,0.0
1772566080117888995,477.912937216,8.248567581176758,6.345767498016357,0.0
1772566080617853780,478.412901888,8.248567581176758,6.345767498016357,0.0
1772566081117907584,478.912955648,8.248567581176758,6.345767498016357,0.0
1772566081617882436,479.41293056,8.248567581176758,6.345767498016357,0.0
1772566082117797236,479.912845312,8.248567581176758,6.345767498016357,0.0
1772566082617775199,480.412823296,8.248567581176758,6.345767498016357,0.0
1772566083117815095,480.912863232,8.248567581176758,6.345767498016357,0.0
